Date,WithdrawalAmount,DayOfWeek,IsWeekend,Month,IsHolidayIndicator
2023-01-01,5202245,Sunday,1,1,1
2023-01-02,24686212,Monday,0,1,0
2023-01-03,25553319,Tuesday,0,1,0
2023-01-04,19900094,Wednesday,0,1,0
2023-01-05,18711187,Thursday,0,1,0
2023-01-06,22528965,Friday,0,1,0
2023-01-07,22234478,Saturday,1,1,0
2023-01-08,10782889,Sunday,1,1,0
2023-01-09,20128770,Monday,0,1,0
2023-01-10,18783182,Tuesday,0,1,0
2023-01-11,19969581,Wednesday,0,1,0
2023-01-12,21308903,Thursday,0,1,0
2023-01-13,23914949,Friday,0,1,0
2023-01-14,23283787,Saturday,1,1,0
2023-01-15,11564660,Sunday,1,1,0
2023-01-16,19486196,Monday,0,1,0
2023-01-17,20016015,Tuesday,0,1,0
2023-01-18,18414502,Wednesday,0,1,0
2023-01-19,21533893,Thursday,0,1,0
2023-01-20,23957858,Friday,0,1,0
2023-01-21,22226629,Saturday,1,1,0
2023-01-22,10583481,Sunday,1,1,0
2023-01-23,21518073,Monday,0,1,0
2023-01-24,19659625,Tuesday,0,1,0
2023-01-25,19016578,Wednesday,0,1,0
2023-01-26,20534949,Thursday,0,1,0
2023-01-27,24642529,Friday,0,1,0
2023-01-28,22871492,Saturday,1,1,0
2023-01-29,14815636,Sunday,1,1,0
2023-01-30,26666019,Monday,0,1,0
2023-01-31,27481989,Tuesday,0,1,0
2023-02-01,24622549,Wednesday,0,2,0
2023-02-02,26389730,Thursday,0,2,0
2023-02-03,30351030,Friday,0,2,0
2023-02-04,32047078,Saturday,1,2,0
2023-02-05,12394581,Sunday,1,2,0
2023-02-06,20542125,Monday,0,2,0
2023-02-07,19264700,Tuesday,0,2,0
2023-02-08,18882389,Wednesday,0,2,0
2023-02-09,21722126,Thursday,0,2,0
2023-02-10,25142610,Friday,0,2,0
2023-02-11,23318677,Saturday,1,2,0
2023-02-12,10794201,Sunday,1,2,0
2023-02-13,20991031,Monday,0,2,0
2023-02-14,20277416,Tuesday,0,2,0
2023-02-15,19974291,Wednesday,0,2,0
2023-02-16,22061315,Thursday,0,2,0
2023-02-17,24808028,Friday,0,2,0
2023-02-18,23587818,Saturday,1,2,0
2023-02-19,11548603,Sunday,1,2,0
2023-02-20,21171917,Monday,0,2,0
2023-02-21,20884698,Tuesday,0,2,0
2023-02-22,18516384,Wednesday,0,2,0
2023-02-23,21071652,Thursday,0,2,0
2023-02-24,24303051,Friday,0,2,0
2023-02-25,22485548,Saturday,1,2,0
2023-02-26,14529524,Sunday,1,2,0
2023-02-27,28327749,Monday,0,2,0
2023-02-28,25308306,Tuesday,0,2,0
2023-03-01,26529117,Wednesday,0,3,0
2023-03-02,25925678,Thursday,0,3,0
2023-03-03,31548476,Friday,0,3,0
2023-03-04,23382251,Saturday,1,3,0
2023-03-05,12181215,Sunday,1,3,0
2023-03-06,21828974,Monday,0,3,0
2023-03-07,21290682,Tuesday,0,3,0
2023-03-08,19796105,Wednesday,0,3,0
2023-03-09,21188912,Thursday,0,3,0
2023-03-10,25863756,Friday,0,3,0
2023-03-11,23183334,Saturday,1,3,0
2023-03-12,10472551,Sunday,1,3,0
2023-03-13,20192866,Monday,0,3,0
2023-03-14,19775990,Tuesday,0,3,0
2023-03-15,20725142,Wednesday,0,3,0
2023-03-16,21895360,Thursday,0,3,0
2023-03-17,25856384,Friday,0,3,0
2023-03-18,23093971,Saturday,1,3,0
2023-03-19,11914874,Sunday,1,3,0
2023-03-20,22006556,Monday,0,3,0
2023-03-21,20481133,Tuesday,0,3,0
2023-03-22,20808697,Wednesday,0,3,0
2023-03-23,21247998,Thursday,0,3,0
2023-03-24,24990818,Friday,0,3,0
2023-03-25,23274172,Saturday,1,3,0
2023-03-26,10673979,Sunday,1,3,0
2023-03-27,22001803,Monday,0,3,0
2023-03-28,20446399,Tuesday,0,3,0
2023-03-29,26236381,Wednesday,0,3,0
2023-03-30,28647010,Thursday,0,3,0
2023-03-31,33061729,Friday,0,3,0
2023-04-01,31088313,Saturday,1,4,0
2023-04-02,15137256,Sunday,1,4,0
2023-04-03,27307167,Monday,0,4,0
2023-04-04,20946028,Tuesday,0,4,0
2023-04-05,18960325,Wednesday,0,4,0
2023-04-06,20730443,Thursday,0,4,0
2023-04-07,24345757,Friday,0,4,0
2023-04-08,22944724,Saturday,1,4,0
2023-04-09,12361731,Sunday,1,4,0
2023-04-10,20894458,Monday,0,4,0
2023-04-11,31780330,Tuesday,0,4,0
2023-04-12,22002695,Wednesday,0,4,0
2023-04-13,21922648,Thursday,0,4,0
2023-04-14,26513015,Friday,0,4,0
2023-04-15,23140296,Saturday,1,4,0
2023-04-16,11837134,Sunday,1,4,0
2023-04-17,20971411,Monday,0,4,0
2023-04-18,20933706,Tuesday,0,4,0
2023-04-19,21676587,Wednesday,0,4,0
2023-04-20,29934957,Thursday,0,4,0
2023-04-21,26366088,Friday,0,4,0
2023-04-22,24433137,Saturday,1,4,0
2023-04-23,11520164,Sunday,1,4,0
2023-04-24,20600190,Monday,0,4,0
2023-04-25,21462017,Tuesday,0,4,0
2023-04-26,20440634,Wednesday,0,4,0
2023-04-27,22761031,Thursday,0,4,0
2023-04-28,33410640,Friday,0,4,0
2023-04-29,32745291,Saturday,1,4,0
2023-04-30,15349476,Sunday,1,4,0
2023-05-01,27344168,Monday,0,5,0
2023-05-02,27715124,Tuesday,0,5,0
2023-05-03,27210073,Wednesday,0,5,0
2023-05-04,24016965,Thursday,0,5,0
2023-05-05,27069239,Friday,0,5,0
2023-05-06,24832317,Saturday,1,5,0
2023-05-07,13713717,Sunday,1,5,0
2023-05-08,21093825,Monday,0,5,0
2023-05-09,20992774,Tuesday,0,5,0
2023-05-10,20275164,Wednesday,0,5,0
2023-05-11,22394924,Thursday,0,5,0
2023-05-12,24997342,Friday,0,5,0
2023-05-13,25253146,Saturday,1,5,0
2023-05-14,12092760,Sunday,1,5,0
2023-05-15,20928633,Monday,0,5,0
2023-05-16,20732025,Tuesday,0,5,0
2023-05-17,21642299,Wednesday,0,5,0
2023-05-18,23762641,Thursday,0,5,0
2023-05-19,34918590,Friday,0,5,0
2023-05-20,27702748,Saturday,1,5,0
2023-05-21,12805963,Sunday,1,5,0
2023-05-22,21534401,Monday,0,5,0
2023-05-23,19715250,Tuesday,0,5,0
2023-05-24,21717249,Wednesday,0,5,0
2023-05-25,22217372,Thursday,0,5,0
2023-05-26,26257195,Friday,0,5,0
2023-05-27,24267526,Saturday,1,5,0
2023-05-28,12311824,Sunday,1,5,0
2023-05-29,30097092,Monday,0,5,0
2023-05-30,28322269,Tuesday,0,5,0
2023-05-31,27441155,Wednesday,0,5,0
2023-06-01,28601862,Thursday,0,6,0
2023-06-02,32627053,Friday,0,6,0
2023-06-03,31539687,Saturday,1,6,0
2023-06-04,12469487,Sunday,1,6,0
2023-06-05,24603101,Monday,0,6,0
2023-06-06,22257469,Tuesday,0,6,0
2023-06-07,22694141,Wednesday,0,6,0
2023-06-08,22787614,Thursday,0,6,0
2023-06-09,25758102,Friday,0,6,0
2023-06-10,24174316,Saturday,1,6,0
2023-06-11,11846620,Sunday,1,6,0
2023-06-12,25110921,Monday,0,6,0
2023-06-13,21398284,Tuesday,0,6,0
2023-06-14,22670425,Wednesday,0,6,0
2023-06-15,22496089,Thursday,0,6,0
2023-06-16,28089515,Friday,0,6,0
2023-06-17,25705128,Saturday,1,6,0
2023-06-18,12500911,Sunday,1,6,0
2023-06-19,22999734,Monday,0,6,0
2023-06-20,21688727,Tuesday,0,6,0
2023-06-21,22387350,Wednesday,0,6,0
2023-06-22,23085047,Thursday,0,6,0
2023-06-23,25999731,Friday,0,6,0
2023-06-24,24114944,Saturday,1,6,0
2023-06-25,12912293,Sunday,1,6,0
2023-06-26,24814297,Monday,0,6,0
2023-06-27,22657350,Tuesday,0,6,0
2023-06-28,28092184,Wednesday,0,6,0
2023-06-29,30617329,Thursday,0,6,0
2023-06-30,36467513,Friday,0,6,0
2023-07-01,32976872,Saturday,1,7,0
2023-07-02,15955891,Sunday,1,7,0
2023-07-03,30975965,Monday,0,7,0
2023-07-04,23062423,Tuesday,0,7,0
2023-07-05,23775813,Wednesday,0,7,0
2023-07-06,24007477,Thursday,0,7,0
2023-07-07,26284388,Friday,0,7,0
2023-07-08,24282713,Saturday,1,7,0
2023-07-09,14609676,Sunday,1,7,0
2023-07-10,25236571,Monday,0,7,0
2023-07-11,22545519,Tuesday,0,7,0
2023-07-12,21878738,Wednesday,0,7,0
2023-07-13,25487247,Thursday,0,7,0
2023-07-14,26550258,Friday,0,7,0
2023-07-15,24914424,Saturday,1,7,0
2023-07-16,13621529,Sunday,1,7,0
2023-07-17,23127888,Monday,0,7,0
2023-07-18,22851649,Tuesday,0,7,0
2023-07-19,22229456,Wednesday,0,7,0
2023-07-20,24430504,Thursday,0,7,0
2023-07-21,29365126,Friday,0,7,0
2023-07-22,26095948,Saturday,1,7,0
2023-07-23,13695128,Sunday,1,7,0
2023-07-24,21488075,Monday,0,7,0
2023-07-25,22927364,Tuesday,0,7,0
2023-07-26,21622991,Wednesday,0,7,0
2023-07-27,22899230,Thursday,0,7,0
2023-07-28,27079632,Friday,0,7,0
2023-07-29,33099621,Saturday,1,7,0
2023-07-30,17721227,Sunday,1,7,0
2023-07-31,29040993,Monday,0,7,0
2023-08-01,29602774,Tuesday,0,8,0
2023-08-02,28462858,Wednesday,0,8,0
2023-08-03,30789467,Thursday,0,8,0
2023-08-04,29243712,Friday,0,8,0
2023-08-05,26855253,Saturday,1,8,0
2023-08-06,14587033,Sunday,1,8,0
2023-08-07,23757662,Monday,0,8,0
2023-08-08,22473938,Tuesday,0,8,0
2023-08-09,22520635,Wednesday,0,8,0
2023-08-10,24719216,Thursday,0,8,0
2023-08-11,28505947,Friday,0,8,0
2023-08-12,25243578,Saturday,1,8,0
2023-08-13,13315459,Sunday,1,8,0
2023-08-14,24297000,Monday,0,8,0
2023-08-15,26072535,Tuesday,0,8,0
2023-08-16,24915956,Wednesday,0,8,0
2023-08-17,23660584,Thursday,0,8,0
2023-08-18,28152008,Friday,0,8,0
2023-08-19,24964263,Saturday,1,8,0
2023-08-20,12644736,Sunday,1,8,0
2023-08-21,30597741,Monday,0,8,0
2023-08-22,24781029,Tuesday,0,8,0
2023-08-23,22207034,Wednesday,0,8,0
2023-08-24,24001351,Thursday,0,8,0
2023-08-25,26269604,Friday,0,8,0
2023-08-26,26514974,Saturday,1,8,0
2023-08-27,12195215,Sunday,1,8,0
2023-08-28,23723010,Monday,0,8,0
2023-08-29,29236076,Tuesday,0,8,0
2023-08-30,29491771,Wednesday,0,8,0
2023-08-31,29872688,Thursday,0,8,0
2023-09-01,35205390,Friday,0,9,0
2023-09-02,36681083,Saturday,1,9,0
2023-09-03,15770471,Sunday,1,9,0
2023-09-04,23222347,Monday,0,9,0
2023-09-05,25733353,Tuesday,0,9,0
2023-09-06,26438930,Wednesday,0,9,0
2023-09-07,23680937,Thursday,0,9,0
2023-09-08,28504006,Friday,0,9,0
2023-09-09,27346642,Saturday,1,9,0
2023-09-10,15403490,Sunday,1,9,0
2023-09-11,23463592,Monday,0,9,0
2023-09-12,23563626,Tuesday,0,9,0
2023-09-13,24220663,Wednesday,0,9,0
2023-09-14,25581603,Thursday,0,9,0
2023-09-15,28641835,Friday,0,9,0
2023-09-16,26959993,Saturday,1,9,0
2023-09-17,12038254,Sunday,1,9,0
2023-09-18,24415484,Monday,0,9,0
2023-09-19,23660994,Tuesday,0,9,0
2023-09-20,23738424,Wednesday,0,9,0
2023-09-21,24610584,Thursday,0,9,0
2023-09-22,29732578,Friday,0,9,0
2023-09-23,28375824,Saturday,1,9,0
2023-09-24,13806775,Sunday,1,9,0
2023-09-25,25198655,Monday,0,9,0
2023-09-26,24138659,Tuesday,0,9,0
2023-09-27,23599994,Wednesday,0,9,0
2023-09-28,31650009,Thursday,0,9,0
2023-09-29,37930050,Friday,0,9,0
2023-09-30,54224038,Saturday,1,9,0
2023-10-01,8485523,Sunday,1,10,1
2023-10-02,33678170,Monday,0,10,0
2023-10-03,31411129,Tuesday,0,10,0
2023-10-04,22862259,Wednesday,0,10,0
2023-10-05,24234958,Thursday,0,10,0
2023-10-06,30844970,Friday,0,10,0
2023-10-07,27820053,Saturday,1,10,0
2023-10-08,14313026,Sunday,1,10,0
2023-10-09,23090787,Monday,0,10,0
2023-10-10,25370260,Tuesday,0,10,0
2023-10-11,24352445,Wednesday,0,10,0
2023-10-12,24359409,Thursday,0,10,0
2023-10-13,29120176,Friday,0,10,0
2023-10-14,27961238,Saturday,1,10,0
2023-10-15,13900717,Sunday,1,10,0
2023-10-16,24852888,Monday,0,10,0
2023-10-17,24328575,Tuesday,0,10,0
2023-10-18,23673031,Wednesday,0,10,0
2023-10-19,25916027,Thursday,0,10,0
2023-10-20,31474460,Friday,0,10,0
2023-10-21,24882262,Saturday,1,10,0
2023-10-22,13641031,Sunday,1,10,0
2023-10-23,25511039,Monday,0,10,0
2023-10-24,24905522,Tuesday,0,10,0
2023-10-25,23654505,Wednesday,0,10,0
2023-10-26,23866193,Thursday,0,10,0
2023-10-27,30325393,Friday,0,10,0
2023-10-28,29914361,Saturday,1,10,0
2023-10-29,16139826,Sunday,1,10,0
2023-10-30,33546835,Monday,0,10,0
2023-10-31,31227384,Tuesday,0,10,0
2023-11-01,30903660,Wednesday,0,11,0
2023-11-02,32072017,Thursday,0,11,0
2023-11-03,38143374,Friday,0,11,0
2023-11-04,29571922,Saturday,1,11,0
2023-11-05,14718951,Sunday,1,11,0
2023-11-06,27554661,Monday,0,11,0
2023-11-07,26167919,Tuesday,0,11,0
2023-11-08,24823888,Wednesday,0,11,0
2023-11-09,28138588,Thursday,0,11,0
2023-11-10,30754512,Friday,0,11,0
2023-11-11,29172980,Saturday,1,11,0
2023-11-12,13775916,Sunday,1,11,0
2023-11-13,25764924,Monday,0,11,0
2023-11-14,24128061,Tuesday,0,11,0
2023-11-15,25583323,Wednesday,0,11,0
2023-11-16,24891905,Thursday,0,11,0
2023-11-17,31303701,Friday,0,11,0
2023-11-18,28134643,Saturday,1,11,0
2023-11-19,15547407,Sunday,1,11,0
2023-11-20,26686232,Monday,0,11,0
2023-11-21,27173432,Tuesday,0,11,0
2023-11-22,25407574,Wednesday,0,11,0
2023-11-23,24555411,Thursday,0,11,0
2023-11-24,30467488,Friday,0,11,0
2023-11-25,27128215,Saturday,1,11,0
2023-11-26,13652532,Sunday,1,11,0
2023-11-27,27704057,Monday,0,11,0
2023-11-28,32974162,Tuesday,0,11,0
2023-11-29,30769822,Wednesday,0,11,0
2023-11-30,32751991,Thursday,0,11,0
2023-12-01,39326898,Friday,0,12,0
2023-12-02,35225222,Saturday,1,12,0
2023-12-03,17551108,Sunday,1,12,0
2023-12-04,26431978,Monday,0,12,0
2023-12-05,26657562,Tuesday,0,12,0
2023-12-06,25511945,Wednesday,0,12,0
2023-12-07,23949218,Thursday,0,12,0
2023-12-08,31200839,Friday,0,12,0
2023-12-09,28856385,Saturday,1,12,0
2023-12-10,14883192,Sunday,1,12,0
2023-12-11,28096929,Monday,0,12,0
2023-12-12,22990214,Tuesday,0,12,0
2023-12-13,24218944,Wednesday,0,12,0
2023-12-14,27468822,Thursday,0,12,0
2023-12-15,29122265,Friday,0,12,0
2023-12-16,30655790,Saturday,1,12,0
2023-12-17,14900950,Sunday,1,12,0
2023-12-18,27320618,Monday,0,12,0
2023-12-19,24869283,Tuesday,0,12,0
2023-12-20,26001367,Wednesday,0,12,0
2023-12-21,28167438,Thursday,0,12,0
2023-12-22,31416754,Friday,0,12,0
2023-12-23,29327353,Saturday,1,12,0
2023-12-24,22849649,Sunday,1,12,0
2023-12-25,13318506,Monday,0,12,1
2023-12-26,8808173,Tuesday,0,12,1
2023-12-27,24974254,Wednesday,0,12,0
2023-12-28,27485123,Thursday,0,12,0
2023-12-29,41242777,Friday,0,12,0
2023-12-30,36095948,Saturday,1,12,0
2023-12-31,28824177,Sunday,1,12,0
2024-01-01,13674662,Monday,0,1,1
2024-01-02,32121987,Tuesday,0,1,0
2024-01-03,31368441,Wednesday,0,1,0
2024-01-04,27398859,Thursday,0,1,0
2024-01-05,32449885,Friday,0,1,0
2024-01-06,29339708,Saturday,1,1,0
2024-01-07,16268330,Sunday,1,1,0
2024-01-08,27725284,Monday,0,1,0
2024-01-09,26924557,Tuesday,0,1,0
2024-01-10,26061969,Wednesday,0,1,0
2024-01-11,30086912,Thursday,0,1,0
2024-01-12,31339110,Friday,0,1,0
2024-01-13,27049614,Saturday,1,1,0
2024-01-14,16677220,Sunday,1,1,0
2024-01-15,26269561,Monday,0,1,0
2024-01-16,26165098,Tuesday,0,1,0
2024-01-17,27097836,Wednesday,0,1,0
2024-01-18,25475715,Thursday,0,1,0
2024-01-19,30220139,Friday,0,1,0
2024-01-20,27663988,Saturday,1,1,0
2024-01-21,13849126,Sunday,1,1,0
2024-01-22,27481130,Monday,0,1,0
2024-01-23,26793106,Tuesday,0,1,0
2024-01-24,25970274,Wednesday,0,1,0
2024-01-25,25825402,Thursday,0,1,0
2024-01-26,29074745,Friday,0,1,0
2024-01-27,29807933,Saturday,1,1,0
2024-01-28,14306403,Sunday,1,1,0
2024-01-29,35214403,Monday,0,1,0
2024-01-30,34493207,Tuesday,0,1,0
2024-01-31,33134408,Wednesday,0,1,0
2024-02-01,36346257,Thursday,0,2,0
2024-02-02,41281316,Friday,0,2,0
2024-02-03,38894852,Saturday,1,2,0
2024-02-04,14088151,Sunday,1,2,0
2024-02-05,26980156,Monday,0,2,0
2024-02-06,26642473,Tuesday,0,2,0
2024-02-07,26879856,Wednesday,0,2,0
2024-02-08,27316184,Thursday,0,2,0
2024-02-09,32820557,Friday,0,2,0
2024-02-10,29692537,Saturday,1,2,0
2024-02-11,14874957,Sunday,1,2,0
2024-02-12,28346035,Monday,0,2,0
2024-02-13,24071259,Tuesday,0,2,0
2024-02-14,24397567,Wednesday,0,2,0
2024-02-15,26101399,Thursday,0,2,0
2024-02-16,29452501,Friday,0,2,0
2024-02-17,29320812,Saturday,1,2,0
2024-02-18,16013899,Sunday,1,2,0
2024-02-19,27100071,Monday,0,2,0
2024-02-20,26890398,Tuesday,0,2,0
2024-02-21,27460918,Wednesday,0,2,0
2024-02-22,29699490,Thursday,0,2,0
2024-02-23,32392687,Friday,0,2,0
2024-02-24,31973821,Saturday,1,2,0
2024-02-25,15272255,Sunday,1,2,0
2024-02-26,26538780,Monday,0,2,0
2024-02-27,33525055,Tuesday,0,2,0
2024-02-28,31738865,Wednesday,0,2,0
2024-02-29,34971998,Thursday,0,2,0
2024-03-01,41317098,Friday,0,3,0
2024-03-02,39957056,Saturday,1,3,0
2024-03-03,21634800,Sunday,1,3,0
2024-03-04,25980862,Monday,0,3,0
2024-03-05,27380388,Tuesday,0,3,0
2024-03-06,25054089,Wednesday,0,3,0
2024-03-07,28906109,Thursday,0,3,0
2024-03-08,32611832,Friday,0,3,0
2024-03-09,28283431,Saturday,1,3,0
2024-03-10,16458401,Sunday,1,3,0
2024-03-11,27072327,Monday,0,3,0
2024-03-12,26343498,Tuesday,0,3,0
2024-03-13,25131263,Wednesday,0,3,0
2024-03-14,36613056,Thursday,0,3,0
2024-03-15,33461615,Friday,0,3,0
2024-03-16,30474233,Saturday,1,3,0
2024-03-17,15779097,Sunday,1,3,0
2024-03-18,28411305,Monday,0,3,0
2024-03-19,28797269,Tuesday,0,3,0
2024-03-20,26160613,Wednesday,0,3,0
2024-03-21,26708695,Thursday,0,3,0
2024-03-22,34419085,Friday,0,3,0
2024-03-23,30432239,Saturday,1,3,0
2024-03-24,16842797,Sunday,1,3,0
2024-03-25,28566470,Monday,0,3,0
2024-03-26,27091177,Tuesday,0,3,0
2024-03-27,27153410,Wednesday,0,3,0
2024-03-28,31168936,Thursday,0,3,0
2024-03-29,45155191,Friday,0,3,0
2024-03-30,39754133,Saturday,1,3,0
2024-03-31,20048970,Sunday,1,3,0
2024-04-01,37472376,Monday,0,4,0
2024-04-02,33971268,Tuesday,0,4,0
2024-04-03,34768030,Wednesday,0,4,0
2024-04-04,28794348,Thursday,0,4,0
2024-04-05,33769880,Friday,0,4,0
2024-04-06,30066580,Saturday,1,4,0
2024-04-07,13548341,Sunday,1,4,0
2024-04-08,25690884,Monday,0,4,0
2024-04-09,26075837,Tuesday,0,4,0
2024-04-10,26365932,Wednesday,0,4,0
2024-04-11,28581219,Thursday,0,4,0
2024-04-12,35995384,Friday,0,4,0
2024-04-13,32681054,Saturday,1,4,0
2024-04-14,14411729,Sunday,1,4,0
2024-04-15,28905310,Monday,0,4,0
2024-04-16,27101985,Tuesday,0,4,0
2024-04-17,26706555,Wednesday,0,4,0
2024-04-18,29322077,Thursday,0,4,0
2024-04-19,34462739,Friday,0,4,0
2024-04-20,30969138,Saturday,1,4,0
2024-04-21,17080045,Sunday,1,4,0
2024-04-22,27117045,Monday,0,4,0
2024-04-23,27754040,Tuesday,0,4,0
2024-04-24,30536678,Wednesday,0,4,0
2024-04-25,29500305,Thursday,0,4,0
2024-04-26,35664728,Friday,0,4,0
2024-04-27,31661699,Saturday,1,4,0
2024-04-28,20950493,Sunday,1,4,0
2024-04-29,36677994,Monday,0,4,0
2024-04-30,35450857,Tuesday,0,4,0
2024-05-01,33949183,Wednesday,0,5,0
2024-05-02,38113902,Thursday,0,5,0
2024-05-03,42372375,Friday,0,5,0
2024-05-04,32544858,Saturday,1,5,0
2024-05-05,17258509,Sunday,1,5,0
2024-05-06,29313651,Monday,0,5,0
2024-05-07,27618620,Tuesday,0,5,0
2024-05-08,28020151,Wednesday,0,5,0
2024-05-09,29068522,Thursday,0,5,0
2024-05-10,35330900,Friday,0,5,0
2024-05-11,29436749,Saturday,1,5,0
2024-05-12,15483148,Sunday,1,5,0
2024-05-13,26369215,Monday,0,5,0
2024-05-14,26162697,Tuesday,0,5,0
2024-05-15,29329840,Wednesday,0,5,0
2024-05-16,30767302,Thursday,0,5,0
2024-05-17,33322393,Friday,0,5,0
2024-05-18,29994982,Saturday,1,5,0
2024-05-19,12111285,Sunday,1,5,0
2024-05-20,28378537,Monday,0,5,0
2024-05-21,31405165,Tuesday,0,5,0
2024-05-22,28239690,Wednesday,0,5,0
2024-05-23,28993012,Thursday,0,5,0
2024-05-24,35021480,Friday,0,5,0
2024-05-25,30048306,Saturday,1,5,0
2024-05-26,15668244,Sunday,1,5,0
2024-05-27,29346785,Monday,0,5,0
2024-05-28,28243712,Tuesday,0,5,0
2024-05-29,36611402,Wednesday,0,5,0
2024-05-30,51431892,Thursday,0,5,0
2024-05-31,45117422,Friday,0,5,0
2024-06-01,40355043,Saturday,1,6,0
2024-06-02,21828835,Sunday,1,6,0
2024-06-03,39708592,Monday,0,6,0
2024-06-04,27197438,Tuesday,0,6,0
2024-06-05,26735557,Wednesday,0,6,0
2024-06-06,31750922,Thursday,0,6,0
2024-06-07,34455251,Friday,0,6,0
2024-06-08,34234477,Saturday,1,6,0
2024-06-09,15611030,Sunday,1,6,0
2024-06-10,31397478,Monday,0,6,0
2024-06-11,28775885,Tuesday,0,6,0
2024-06-12,28371645,Wednesday,0,6,0
2024-06-13,32191152,Thursday,0,6,0
2024-06-14,34376299,Friday,0,6,0
2024-06-15,31262004,Saturday,1,6,0
2024-06-16,15669797,Sunday,1,6,0
2024-06-17,30196387,Monday,0,6,0
2024-06-18,26637203,Tuesday,0,6,0
2024-06-19,28998472,Wednesday,0,6,0
2024-06-20,29522153,Thursday,0,6,0
2024-06-21,36538175,Friday,0,6,0
2024-06-22,29454195,Saturday,1,6,0
2024-06-23,15284784,Sunday,1,6,0
2024-06-24,27464517,Monday,0,6,0
2024-06-25,27740191,Tuesday,0,6,0
2024-06-26,28599830,Wednesday,0,6,0
2024-06-27,30129347,Thursday,0,6,0
2024-06-28,44658149,Friday,0,6,0
2024-06-29,41758941,Saturday,1,6,0
2024-06-30,21271912,Sunday,1,6,0
2024-07-01,36848345,Monday,0,7,0
2024-07-02,38029063,Tuesday,0,7,0
2024-07-03,37227592,Wednesday,0,7,0
2024-07-04,31016069,Thursday,0,7,0
2024-07-05,36052507,Friday,0,7,0
2024-07-06,33328911,Saturday,1,7,0
2024-07-07,19217836,Sunday,1,7,0
2024-07-08,29854533,Monday,0,7,0
2024-07-09,28675876,Tuesday,0,7,0
2024-07-10,27490066,Wednesday,0,7,0
2024-07-11,29231758,Thursday,0,7,0
2024-07-12,33769419,Friday,0,7,0
2024-07-13,31865844,Saturday,1,7,0
2024-07-14,16448327,Sunday,1,7,0
2024-07-15,30550773,Monday,0,7,0
2024-07-16,29281829,Tuesday,0,7,0
2024-07-17,27589211,Wednesday,0,7,0
2024-07-18,31976446,Thursday,0,7,0
2024-07-19,36604464,Friday,0,7,0
2024-07-20,32989924,Saturday,1,7,0
2024-07-21,15725811,Sunday,1,7,0
2024-07-22,30969906,Monday,0,7,0
2024-07-23,29590551,Tuesday,0,7,0
2024-07-24,26775085,Wednesday,0,7,0
2024-07-25,30790936,Thursday,0,7,0
2024-07-26,36106519,Friday,0,7,0
2024-07-27,32118099,Saturday,1,7,0
2024-07-28,16941725,Sunday,1,7,0
2024-07-29,36861076,Monday,0,7,0
2024-07-30,39530887,Tuesday,0,7,0
2024-07-31,38655785,Wednesday,0,7,0
2024-08-01,39349973,Thursday,0,8,0
2024-08-02,46446954,Friday,0,8,0
2024-08-03,39558409,Saturday,1,8,0
2024-08-04,15166998,Sunday,1,8,0
2024-08-05,30073106,Monday,0,8,0
2024-08-06,28107967,Tuesday,0,8,0
2024-08-07,29967295,Wednesday,0,8,0
2024-08-08,33884586,Thursday,0,8,0
2024-08-09,34429195,Friday,0,8,0
2024-08-10,32470694,Saturday,1,8,0
2024-08-11,17145243,Sunday,1,8,0
2024-08-12,32820652,Monday,0,8,0
2024-08-13,28017090,Tuesday,0,8,0
2024-08-14,29449449,Wednesday,0,8,0
2024-08-15,33781638,Thursday,0,8,0
2024-08-16,33915347,Friday,0,8,0
2024-08-17,31991864,Saturday,1,8,0
2024-08-18,16305097,Sunday,1,8,0
2024-08-19,30008151,Monday,0,8,0
2024-08-20,30947911,Tuesday,0,8,0
2024-08-21,29560349,Wednesday,0,8,0
2024-08-22,28938980,Thursday,0,8,0
2024-08-23,37058359,Friday,0,8,0
2024-08-24,33098863,Saturday,1,8,0
2024-08-25,18728248,Sunday,1,8,0
2024-08-26,29982639,Monday,0,8,0
2024-08-27,29061429,Tuesday,0,8,0
2024-08-28,30097700,Wednesday,0,8,0
2024-08-29,41414609,Thursday,0,8,0
2024-08-30,47334237,Friday,0,8,0
2024-08-31,41221991,Saturday,1,8,0
2024-09-01,22546886,Sunday,1,9,0
2024-09-02,38212471,Monday,0,9,0
2024-09-03,38815306,Tuesday,0,9,0
2024-09-04,27478065,Wednesday,0,9,0
2024-09-05,32277982,Thursday,0,9,0
2024-09-06,35514267,Friday,0,9,0
2024-09-07,32383684,Saturday,1,9,0
2024-09-08,18097006,Sunday,1,9,0
2024-09-09,31444247,Monday,0,9,0
2024-09-10,29330356,Tuesday,0,9,0
2024-09-11,31618568,Wednesday,0,9,0
2024-09-12,31165317,Thursday,0,9,0
2024-09-13,36835087,Friday,0,9,0
2024-09-14,34693106,Saturday,1,9,0
2024-09-15,16297299,Sunday,1,9,0
2024-09-16,47697884,Monday,0,9,0
2024-09-17,29562333,Tuesday,0,9,0
2024-09-18,29125400,Wednesday,0,9,0
2024-09-19,33830144,Thursday,0,9,0
2024-09-20,35472867,Friday,0,9,0
2024-09-21,31053410,Saturday,1,9,0
2024-09-22,19508904,Sunday,1,9,0
2024-09-23,34955382,Monday,0,9,0
2024-09-24,29862512,Tuesday,0,9,0
2024-09-25,27088071,Wednesday,0,9,0
2024-09-26,31601358,Thursday,0,9,0
2024-09-27,36682581,Friday,0,9,0
2024-09-28,44010011,Saturday,1,9,0
2024-09-29,20575540,Sunday,1,9,0
2024-09-30,63285367,Monday,0,9,0
2024-10-01,14433046,Tuesday,0,10,1
2024-10-02,36208655,Wednesday,0,10,0
2024-10-03,42168320,Thursday,0,10,0
2024-10-04,40150934,Friday,0,10,0
2024-10-05,34975726,Saturday,1,10,0
2024-10-06,16896045,Sunday,1,10,0
2024-10-07,31408008,Monday,0,10,0
2024-10-08,31554830,Tuesday,0,10,0
2024-10-09,27599102,Wednesday,0,10,0
2024-10-10,32531517,Thursday,0,10,0
2024-10-11,36828079,Friday,0,10,0
2024-10-12,37505922,Saturday,1,10,0
2024-10-13,17196302,Sunday,1,10,0
2024-10-14,34117944,Monday,0,10,0
2024-10-15,29224212,Tuesday,0,10,0
2024-10-16,31023028,Wednesday,0,10,0
2024-10-17,32882718,Thursday,0,10,0
2024-10-18,36289521,Friday,0,10,0
2024-10-19,35262661,Saturday,1,10,0
2024-10-20,19251715,Sunday,1,10,0
2024-10-21,31397751,Monday,0,10,0
2024-10-22,28496310,Tuesday,0,10,0
2024-10-23,30277890,Wednesday,0,10,0
2024-10-24,31258242,Thursday,0,10,0
2024-10-25,37190166,Friday,0,10,0
2024-10-26,35029890,Saturday,1,10,0
2024-10-27,15129663,Sunday,1,10,0
2024-10-28,29662324,Monday,0,10,0
2024-10-29,40432956,Tuesday,0,10,0
2024-10-30,38187905,Wednesday,0,10,0
2024-10-31,38135956,Thursday,0,10,0
2024-11-01,49555718,Friday,0,11,0
2024-11-02,45558992,Saturday,1,11,0
2024-11-03,21564520,Sunday,1,11,0
2024-11-04,30211009,Monday,0,11,0
2024-11-05,32376568,Tuesday,0,11,0
2024-11-06,31047923,Wednesday,0,11,0
2024-11-07,36260320,Thursday,0,11,0
2024-11-08,38588069,Friday,0,11,0
2024-11-09,35986252,Saturday,1,11,0
2024-11-10,17480056,Sunday,1,11,0
2024-11-11,33424978,Monday,0,11,0
2024-11-12,32197640,Tuesday,0,11,0
2024-11-13,32480230,Wednesday,0,11,0
2024-11-14,32182278,Thursday,0,11,0
2024-11-15,37495060,Friday,0,11,0
2024-11-16,34865977,Saturday,1,11,0
2024-11-17,18942538,Sunday,1,11,0
2024-11-18,34548337,Monday,0,11,0
2024-11-19,30743821,Tuesday,0,11,0
2024-11-20,30162542,Wednesday,0,11,0
2024-11-21,33526607,Thursday,0,11,0
2024-11-22,37918099,Friday,0,11,0
2024-11-23,37092093,Saturday,1,11,0
2024-11-24,14570110,Sunday,1,11,0
2024-11-25,31283241,Monday,0,11,0
2024-11-26,30390064,Tuesday,0,11,0
2024-11-27,27505156,Wednesday,0,11,0
2024-11-28,41080742,Thursday,0,11,0
2024-11-29,47843614,Friday,0,11,0
2024-11-30,45580598,Saturday,1,11,0
2024-12-01,24583121,Sunday,1,12,0
2024-12-02,41391338,Monday,0,12,0
2024-12-03,39006984,Tuesday,0,12,0
2024-12-04,30937609,Wednesday,0,12,0
2024-12-05,34867977,Thursday,0,12,0
2024-12-06,37138516,Friday,0,12,0
2024-12-07,34638561,Saturday,1,12,0
2024-12-08,18821858,Sunday,1,12,0
2024-12-09,32417571,Monday,0,12,0
2024-12-10,32733720,Tuesday,0,12,0
2024-12-11,31120870,Wednesday,0,12,0
2024-12-12,34489552,Thursday,0,12,0
2024-12-13,37194359,Friday,0,12,0
2024-12-14,36099545,Saturday,1,12,0
2024-12-15,17757129,Sunday,1,12,0
2024-12-16,31071515,Monday,0,12,0
2024-12-17,29587475,Tuesday,0,12,0
2024-12-18,32276137,Wednesday,0,12,0
2024-12-19,33062516,Thursday,0,12,0
2024-12-20,37356142,Friday,0,12,0
2024-12-21,36113347,Saturday,1,12,0
2024-12-22,19811891,Sunday,1,12,0
2024-12-23,29609515,Monday,0,12,0
2024-12-24,47413098,Tuesday,0,12,0
2024-12-25,15652052,Wednesday,0,12,1
2024-12-26,13971988,Thursday,0,12,1
2024-12-27,39440746,Friday,0,12,0
2024-12-28,37537036,Saturday,1,12,0
2024-12-29,21606741,Sunday,1,12,0
2024-12-30,40727503,Monday,0,12,0
